{
  "sequence": "MOT17-02",
  "detection": {
    "precision": 0.7724031274164447,
    "recall": 0.4831255374032674,
    "f1": 0.5944391179290508,
    "tp": 8990,
    "fp": 2649,
    "fn": 9618
  },
  "tracking": {
    "id_switches": 82,
    "fragmentations": 95
  },
  "counting": {
    "entry": 5,
    "exit": 4,
    "total_crossings": 9,
    "unique_tracks": 1
  }
}