{
  "sequence": "MOT17-09",
  "detection": {
    "precision": 0.9598003881341836,
    "recall": 0.6498967523934672,
    "f1": 0.7750167897918065,
    "tp": 3462,
    "fp": 145,
    "fn": 1865
  },
  "tracking": {
    "id_switches": 206,
    "fragmentations": 145
  },
  "counting": {
    "entry": 9,
    "exit": 3,
    "total_crossings": 12,
    "unique_tracks": 1
  }
}